{
  "num_islands": 2,
  "current_island": 1,
  "iteration_count": 49,
  "global_best_score": 0.8233333333333333,
  "decay": 0.9,
  "intensity_min": 0.15,
  "intensity_max": 0.5,
  "migration_interval": 15,
  "diversity_strategy_type": "code",
  "use_unified_archive": true,
  "use_adaptive_search": true,
  "use_ucb_selection": true,
  "fixed_intensity": 0.4,
  "adapter": {
    "states": [
      {
        "accumulated_signal": 0.07059278988047982,
        "best_score": 0.8233333333333333,
        "improvement_count": 5,
        "total_evaluations": 22,
        "decay": 0.9,
        "epsilon": 1e-08,
        "intensity_min": 0.15,
        "intensity_max": 0.5
      },
      {
        "accumulated_signal": 0.06495393183803386,
        "best_score": 0.8233333333333333,
        "improvement_count": 6,
        "total_evaluations": 22,
        "decay": 0.9,
        "epsilon": 1e-08,
        "intensity_min": 0.15,
        "intensity_max": 0.5
      }
    ],
    "dimension_visits": [
      22,
      22
    ],
    "dimension_rewards": [
      0.2040269180935658,
      0.19992141037142783
    ],
    "decayed_visits": [
      9.01522909781639,
      9.01522909781639
    ],
    "global_best_score": 0.8233333333333333,
    "ucb_exploration": 1.41,
    "min_visits": 3,
    "decay": 0.9,
    "epsilon": 1e-08
  },
  "island_config_names": [
    "balanced",
    "balanced"
  ],
  "islands": [
    [
      "551a94e2-056c-4311-8cb7-03c71ee08c37",
      "c4d1c348-1cf4-4c68-a2b1-788caba97910",
      "6c16cb50-4e77-4881-898c-4a536b1a6b12",
      "d582677f-a5f8-4ebf-ace3-8cc75cb28129",
      "1eec8c2f-4da0-4424-9c0b-65686b672947",
      "c13da012-6c53-4d99-8e63-f85010e19ab2",
      "a66cbbe5-6012-4228-b4cf-4fbaa01d5ca2",
      "5352eb15-4a4f-4233-8932-08194f429aae"
    ],
    [
      "bab531ed-2b12-4ffa-8a6d-fe46d126aefe",
      "8866f2bb-d280-4abf-bc26-e503682d37e4",
      "290ea7fd-a4c6-4fd3-8b47-fb28a190d30b",
      "c67e0324-480e-42fe-be91-2312aa2ce05a",
      "ed1f5e56-46b2-4e73-a04c-6e1f06c78aab",
      "5cb97658-0a10-43ed-85a4-f4ca50b4fa3b",
      "167f8b38-7202-4a6a-bb1e-97535869e279",
      "78ea071b-0e63-459f-8706-2fc2f6dbfc1b"
    ]
  ],
  "archive_genealogies": [
    {
      "parents": {
        "551a94e2-056c-4311-8cb7-03c71ee08c37": [
          "7c470970-f76b-4720-9074-205208a22327"
        ],
        "c4d1c348-1cf4-4c68-a2b1-788caba97910": [
          "551a94e2-056c-4311-8cb7-03c71ee08c37"
        ],
        "6c16cb50-4e77-4881-898c-4a536b1a6b12": [
          "0fdd84d3-d637-454f-b1ab-daddff004ab9"
        ],
        "d582677f-a5f8-4ebf-ace3-8cc75cb28129": [
          "0fdd84d3-d637-454f-b1ab-daddff004ab9"
        ],
        "1eec8c2f-4da0-4424-9c0b-65686b672947": [
          "4fa08af6-525e-4029-bd17-8fa06d280f4d"
        ],
        "c13da012-6c53-4d99-8e63-f85010e19ab2": [
          "d582677f-a5f8-4ebf-ace3-8cc75cb28129"
        ],
        "a66cbbe5-6012-4228-b4cf-4fbaa01d5ca2": [
          "c67e0324-480e-42fe-be91-2312aa2ce05a"
        ],
        "5352eb15-4a4f-4233-8932-08194f429aae": [
          "c67e0324-480e-42fe-be91-2312aa2ce05a"
        ]
      },
      "children": {
        "551a94e2-056c-4311-8cb7-03c71ee08c37": [
          "c4d1c348-1cf4-4c68-a2b1-788caba97910"
        ],
        "d582677f-a5f8-4ebf-ace3-8cc75cb28129": [
          "c13da012-6c53-4d99-8e63-f85010e19ab2"
        ],
        "c67e0324-480e-42fe-be91-2312aa2ce05a": [
          "a66cbbe5-6012-4228-b4cf-4fbaa01d5ca2",
          "5352eb15-4a4f-4233-8932-08194f429aae"
        ]
      }
    },
    {
      "parents": {
        "bab531ed-2b12-4ffa-8a6d-fe46d126aefe": [
          "c4d1c348-1cf4-4c68-a2b1-788caba97910"
        ],
        "8866f2bb-d280-4abf-bc26-e503682d37e4": [
          "6c16cb50-4e77-4881-898c-4a536b1a6b12"
        ],
        "290ea7fd-a4c6-4fd3-8b47-fb28a190d30b": [
          "8866f2bb-d280-4abf-bc26-e503682d37e4"
        ],
        "c67e0324-480e-42fe-be91-2312aa2ce05a": [
          "1eec8c2f-4da0-4424-9c0b-65686b672947"
        ],
        "ed1f5e56-46b2-4e73-a04c-6e1f06c78aab": [
          "d582677f-a5f8-4ebf-ace3-8cc75cb28129"
        ],
        "5cb97658-0a10-43ed-85a4-f4ca50b4fa3b": [
          "551a94e2-056c-4311-8cb7-03c71ee08c37"
        ],
        "167f8b38-7202-4a6a-bb1e-97535869e279": [
          "c13da012-6c53-4d99-8e63-f85010e19ab2"
        ],
        "78ea071b-0e63-459f-8706-2fc2f6dbfc1b": [
          "c67e0324-480e-42fe-be91-2312aa2ce05a"
        ]
      },
      "children": {
        "c4d1c348-1cf4-4c68-a2b1-788caba97910": [
          "bab531ed-2b12-4ffa-8a6d-fe46d126aefe"
        ],
        "6c16cb50-4e77-4881-898c-4a536b1a6b12": [
          "8866f2bb-d280-4abf-bc26-e503682d37e4"
        ],
        "8866f2bb-d280-4abf-bc26-e503682d37e4": [
          "290ea7fd-a4c6-4fd3-8b47-fb28a190d30b"
        ],
        "1eec8c2f-4da0-4424-9c0b-65686b672947": [
          "c67e0324-480e-42fe-be91-2312aa2ce05a"
        ],
        "d582677f-a5f8-4ebf-ace3-8cc75cb28129": [
          "ed1f5e56-46b2-4e73-a04c-6e1f06c78aab"
        ],
        "551a94e2-056c-4311-8cb7-03c71ee08c37": [
          "5cb97658-0a10-43ed-85a4-f4ca50b4fa3b"
        ],
        "c13da012-6c53-4d99-8e63-f85010e19ab2": [
          "167f8b38-7202-4a6a-bb1e-97535869e279"
        ],
        "c67e0324-480e-42fe-be91-2312aa2ce05a": [
          "78ea071b-0e63-459f-8706-2fc2f6dbfc1b"
        ]
      }
    }
  ],
  "use_dynamic_islands": true,
  "max_islands": 5,
  "last_spawn_iteration": -30,
  "use_paradigm_breakthrough": true,
  "paradigm_tracker": {
    "window_size": 10,
    "improvement_threshold": 0.12,
    "max_paradigm_uses": 2,
    "max_tried_paradigms": 10,
    "num_paradigms_to_generate": 3,
    "improvement_history": [
      0.0,
      0.0,
      0.0,
      0.0,
      0.0,
      0.0,
      0.0,
      0.0,
      0.0,
      0.0
    ],
    "active_paradigms": [
      {
        "idea": "Per-key Single-Writer Sequencer + CommitHub for push-validated caching",
        "description": "Introduce a lightweight CommitHub machine that all CacheNodes consult for per-key sequencing and commit notifications. For each key, CommitHub grants a per-key token (mutex) to exactly one outstanding writer; subsequent writers queue. The writer issues the storage write via the proxy, and only after eStorageWriteResp(success=true) does it notify CommitHub of the committed (key, value, gen). CommitHub increments a per-key gen and pushes CommitCommitted(key, value, gen) to all CacheNodes. Reads at a CacheNode are served from its local cache if and only if cacheGen[key] == hubGen[key]; otherwise, the CacheNode either waits for the push or explicitly fetches the committed value from CommitHub (one inter-pod hop) and updates its cache. During an in-flight write, reads can still be served using the last committed value because the latest committed value has not changed yet. This guarantees LSI without touching storage for most reads while ensuring scalable metadata (O(#hot-keys) map of (value, gen, pending-writer?)). It avoids range/ownership assumptions and remains coherent if ownership moves because CommitHub is key-based, not range-based.",
        "what_to_optimize": "Maximize safety_score via per-key serialization consistent with storage commit order; maximize round_trip_efficiency by serving reads from local cache or CommitHub without hitting the proxy; maintain high cache_hit_rate through push-based commit notifications that keep caches up-to-date.",
        "cautions": "Ensure CommitHub only marks a value committed on storage success; do not allow two concurrent writers per key. Reads must not serve speculative values; they can serve the last committed value during in-flight writes. Use explicit per-key gen counters to avoid stale-vs-fresh confusion across pods. Announce eMonitorProxyRequestIssued only when a CacheNode actually goes to the proxy. Keep CommitHub state compact: map[int, (value:int, gen:int, hasInflight:bool)].",