{
  "num_islands": 2,
  "current_island": 1,
  "iteration_count": 4,
  "global_best_score": 0.6900000000000001,
  "decay": 0.9,
  "intensity_min": 0.15,
  "intensity_max": 0.5,
  "migration_interval": 15,
  "diversity_strategy_type": "code",
  "use_unified_archive": true,
  "use_adaptive_search": true,
  "use_ucb_selection": true,
  "fixed_intensity": 0.4,
  "adapter": {
    "states": [
      {
        "accumulated_signal": 0.09120345208332419,
        "best_score": 0.5833333333333334,
        "improvement_count": 2,
        "total_evaluations": 3,
        "decay": 0.9,
        "epsilon": 1e-08,
        "intensity_min": 0.15,
        "intensity_max": 0.5
      },
      {
        "accumulated_signal": 0.08699282957568714,
        "best_score": 0.6900000000000001,
        "improvement_count": 3,
        "total_evaluations": 4,
        "decay": 0.9,
        "epsilon": 1e-08,
        "intensity_min": 0.15,
        "intensity_max": 0.5
      }
    ],
    "dimension_visits": [
      3,
      4
    ],
    "dimension_rewards": [
      0.9134688976650319,
      0.9824808905714549
    ],
    "decayed_visits": [
      2.71,
      3.439
    ],
    "global_best_score": 0.6900000000000001,
    "ucb_exploration": 1.41,
    "min_visits": 3,
    "decay": 0.9,
    "epsilon": 1e-08
  },
  "island_config_names": [
    "balanced",
    "balanced"
  ],
  "islands": [
    [
      "7c470970-f76b-4720-9074-205208a22327",
      "4f62b6a4-15e2-43b9-9007-64cb25106aeb",
      "19f815f2-8d79-4376-9c5c-b9bb60ed7246"
    ],
    [
      "929edd07-05c9-49ea-889d-eccc9262d0aa",
      "b9b31451-3ed2-4064-bbc7-2cc0c066a8e8",
      "d03f0f52-4cd1-41d2-9784-4a69b4e6bab5",
      "e62ea4a8-51cb-4cce-bea8-e6c47f2d0ef2"
    ]
  ],
  "archive_genealogies": [
    {
      "parents": {
        "7c470970-f76b-4720-9074-205208a22327": [],
        "4f62b6a4-15e2-43b9-9007-64cb25106aeb": [
          "7c470970-f76b-4720-9074-205208a22327"
        ],
        "19f815f2-8d79-4376-9c5c-b9bb60ed7246": [
          "4f62b6a4-15e2-43b9-9007-64cb25106aeb"
        ]
      },
      "children": {
        "7c470970-f76b-4720-9074-205208a22327": [
          "4f62b6a4-15e2-43b9-9007-64cb25106aeb"
        ],
        "4f62b6a4-15e2-43b9-9007-64cb25106aeb": [
          "19f815f2-8d79-4376-9c5c-b9bb60ed7246"
        ]
      }
    },
    {
      "parents": {
        "929edd07-05c9-49ea-889d-eccc9262d0aa": [],
        "b9b31451-3ed2-4064-bbc7-2cc0c066a8e8": [
          "929edd07-05c9-49ea-889d-eccc9262d0aa"
        ],
        "d03f0f52-4cd1-41d2-9784-4a69b4e6bab5": [
          "b9b31451-3ed2-4064-bbc7-2cc0c066a8e8"
        ],
        "e62ea4a8-51cb-4cce-bea8-e6c47f2d0ef2": [
          "d03f0f52-4cd1-41d2-9784-4a69b4e6bab5"
        ]
      },
      "children": {
        "929edd07-05c9-49ea-889d-eccc9262d0aa": [
          "b9b31451-3ed2-4064-bbc7-2cc0c066a8e8"
        ],
        "b9b31451-3ed2-4064-bbc7-2cc0c066a8e8": [
          "d03f0f52-4cd1-41d2-9784-4a69b4e6bab5"
        ],
        "d03f0f52-4cd1-41d2-9784-4a69b4e6bab5": [
          "e62ea4a8-51cb-4cce-bea8-e6c47f2d0ef2"
        ]
      }
    }
  ],
  "use_dynamic_islands": true,
  "max_islands": 5,
  "last_spawn_iteration": -30,
  "use_paradigm_breakthrough": true,
  "paradigm_tracker": {
    "window_size": 10,
    "improvement_threshold": 0.12,
    "max_paradigm_uses": 2,
    "max_tried_paradigms": 10,
    "num_paradigms_to_generate": 3,
    "improvement_history": [
      1.0,
      1.0,
      1.0,
      1.0,
      1.0,
      1.0,
      0.0
    ],
    "active_paradigms": [],
    "paradigm_usage_counts": {},
    "current_paradigm_index": 0,
    "tried_paradigms": [],
    "best_score_at_paradigm_gen": 0.0,
    "best_score_during_paradigm": 0.0
  }
}